City_ID,City,Country,Date,Lat,Lng,Max Temp,Humidity,Cloudiness,Wind Speed
0,Vaini,TO,2021-08-08 21:03:53,-21.2,-175.2,71.76,78,75,0.0
1,Ostrovnoy,RU,2021-08-08 21:03:23,68.0531,39.5131,49.96,76,0,8.79
2,Jamestown,US,2021-08-08 20:59:13,42.097,-79.2353,83.01,57,68,5.99
3,Busselton,AU,2021-08-08 21:04:25,-33.65,115.3333,53.1,57,100,23.69
4,Chuy,UY,2021-08-08 21:04:30,-33.6971,-53.4616,60.33,90,100,7.87
5,Hilo,US,2021-08-08 21:00:49,19.7297,-155.09,82.26,85,31,3.0
6,Francisco Sa,BR,2021-08-08 21:06:57,-16.4758,-43.4883,67.41,62,9,13.24
7,Opuwo,NA,2021-08-08 21:06:57,-18.0607,13.84,63.7,22,13,3.06
8,Hermanus,ZA,2021-08-08 21:03:52,-34.4187,19.2345,56.8,91,100,19.51
9,Albany,US,2021-08-08 21:01:02,42.6001,-73.9662,87.03,51,15,5.68
10,Ushuaia,AR,2021-08-08 21:01:37,-54.8,-68.3,35.37,93,100,6.85
11,Georgetown,MY,2021-08-08 21:03:52,5.4112,100.3354,81.9,73,40,9.22
12,Atuona,PF,2021-08-08 21:03:32,-9.8,-139.0333,77.13,81,16,20.4
13,Talnakh,RU,2021-08-08 21:06:58,69.4865,88.3972,56.62,63,2,1.66
14,Tuktoyaktuk,CA,2021-08-08 21:03:45,69.4541,-133.0374,44.69,75,100,10.54
15,Ranong,TH,2021-08-08 21:06:58,9.9658,98.6348,79.29,88,84,6.62
16,Cape Town,ZA,2021-08-08 21:06:36,-33.9258,18.4232,57.61,89,75,4.0
17,Te Anau,NZ,2021-08-08 21:04:24,-45.4167,167.7167,32.72,94,86,0.2
18,Thompson,CA,2021-08-08 21:03:51,55.7435,-97.8558,64.56,94,90,5.75
19,Kapaa,US,2021-08-08 21:03:30,22.0752,-159.319,82.38,67,77,3.0
20,Klaksvik,FO,2021-08-08 21:03:23,62.2266,-6.589,50.92,93,94,6.35
21,East London,ZA,2021-08-08 21:03:33,-33.0153,27.9116,66.2,51,59,17.87
22,Port Blair,IN,2021-08-08 21:03:43,11.6667,92.75,82.08,83,100,11.39
23,Namatanai,PG,2021-08-08 21:04:18,-3.6667,152.4333,78.73,81,72,6.24
24,Kerman,IR,2021-08-08 21:06:59,30.2832,57.0788,80.06,15,0,5.82
25,Telma,RU,2021-08-08 21:06:59,52.6983,103.7097,51.01,78,87,1.03
26,The Valley,AI,2021-08-08 21:07:00,18.217,-63.0578,85.86,77,43,18.66
27,Tasiilaq,GL,2021-08-08 21:03:19,65.6145,-37.6368,46.56,95,100,18.63
28,Kabo,CF,2021-08-08 21:07:00,7.6994,18.629,68.92,93,71,2.06
29,Poum,NC,2021-08-08 21:03:46,-20.2333,164.0167,68.85,64,80,20.85
30,Bereda,ES,2021-08-08 21:03:48,43.2686,-7.5406,59.58,91,75,3.47
31,Bluff,NZ,2021-08-08 21:03:22,-46.6,168.3333,38.8,62,93,11.23
32,Fort Nelson,CA,2021-08-08 21:00:16,58.8053,-122.7002,72.91,48,72,1.34
33,Saint-Augustin,CA,2021-08-08 21:05:28,51.226,-58.6502,65.39,48,5,7.31
34,Qaanaaq,GL,2021-08-08 21:03:34,77.484,-69.3632,40.17,70,22,2.86
35,Hithadhoo,MV,2021-08-08 21:04:12,-0.6,73.0833,80.73,76,100,4.12
36,Orlik,RU,2021-08-08 21:07:01,52.5178,99.825,47.84,84,81,1.77
37,Punta Arenas,CL,2021-08-08 21:03:36,-53.15,-70.9167,42.89,72,96,15.57
38,Cabo San Lucas,MX,2021-08-08 21:00:06,22.8909,-109.9124,96.51,67,100,2.68
39,Brighton,GB,2021-08-08 21:05:39,50.8284,-0.1395,62.31,77,72,14.0
40,Mungeli,IN,2021-08-08 21:07:01,22.0667,81.6833,80.53,75,96,4.74
41,Dubti,ET,2021-08-08 21:07:02,11.7361,41.0853,91.65,41,9,9.55
42,Bengkulu,ID,2021-08-08 21:03:51,-3.8004,102.2655,75.67,90,32,4.7
43,Ichnya,UA,2021-08-08 21:07:02,50.8626,32.3942,64.96,77,1,7.52
44,Dubbo,AU,2021-08-08 21:07:02,-32.25,148.6167,48.33,81,40,11.5
45,Tuatapere,NZ,2021-08-08 21:03:26,-46.1333,167.6833,38.82,86,100,5.93
46,Yellowknife,CA,2021-08-08 21:02:35,62.456,-114.3525,55.72,43,67,8.86
47,Cherskiy,RU,2021-08-08 21:04:33,68.75,161.3,56.55,39,17,0.69
48,Kenai,US,2021-08-08 21:07:03,60.5544,-151.2583,55.02,94,90,20.71
49,Jacareacanga,BR,2021-08-08 21:07:03,-6.2222,-57.7528,95.74,27,18,2.24
50,Stornoway,GB,2021-08-08 21:07:04,58.2093,-6.3865,58.93,94,75,13.8
51,Sibolga,ID,2021-08-08 21:07:04,1.7427,98.7792,75.85,90,62,4.12
52,Langres,FR,2021-08-08 21:07:04,47.8333,5.3333,54.45,83,78,4.54
53,Luena,AO,2021-08-08 21:05:46,-11.7833,19.9167,59.85,23,5,4.43
54,Arraial Do Cabo,BR,2021-08-08 21:03:45,-22.9661,-42.0278,69.58,81,15,25.5
55,Longyearbyen,SJ,2021-08-08 21:04:33,78.2186,15.6401,40.84,93,40,10.36
56,Teguldet,RU,2021-08-08 21:07:05,57.3064,88.1667,61.09,88,84,3.4
57,Cockburn Town,TC,2021-08-08 21:04:34,21.4612,-71.1419,85.96,66,40,16.11
58,Bredasdorp,ZA,2021-08-08 21:03:29,-34.5322,20.0403,56.28,89,100,17.34
59,Carnarvon,AU,2021-08-08 21:04:40,-24.8667,113.6333,66.56,84,5,10.71
60,Guerrero Negro,MX,2021-08-08 21:03:57,27.9769,-114.0611,79.66,58,5,13.58
61,New Norfolk,AU,2021-08-08 21:04:06,-42.7826,147.0587,44.74,85,30,3.0
62,Rikitea,PF,2021-08-08 21:03:35,-23.1203,-134.9692,74.41,75,1,12.28
63,Tsogni,GA,2021-08-08 21:07:06,-2.7942,10.0988,70.61,87,55,4.72
64,Masterton,NZ,2021-08-08 21:07:06,-40.9597,175.6575,43.88,74,100,15.77
65,Puerto Ayora,EC,2021-08-08 21:03:56,-0.7393,-90.3518,72.55,81,58,7.0
66,Kalabo,ZM,2021-08-08 21:07:06,-14.97,22.6814,63.23,25,0,5.91
67,Maniitsoq,GL,2021-08-08 21:03:48,65.4167,-52.9,42.19,82,43,3.02
68,Thinadhoo,MV,2021-08-08 21:07:07,0.5333,72.9333,80.96,75,99,4.09
69,Sobolevo,RU,2021-08-08 21:07:07,54.4299,31.8996,60.55,78,83,3.04
70,Fort Abbas,PK,2021-08-08 21:07:07,29.1925,72.8536,98.29,33,19,4.9
71,Nanortalik,GL,2021-08-08 21:04:47,60.1432,-45.2371,43.75,87,32,14.45
72,Victoria,HK,2021-08-08 21:02:52,22.2855,114.1577,85.32,91,100,1.01
73,Seymchan,RU,2021-08-08 21:07:08,62.8833,152.4333,58.24,61,61,3.83
74,Riyadh,SA,2021-08-08 21:03:21,24.6877,46.7219,96.85,17,34,12.21
75,Laguna,US,2021-08-08 21:03:56,38.421,-121.4238,102.22,34,1,4.0
76,Mataura,NZ,2021-08-08 21:03:25,-46.1927,168.8643,38.48,97,93,3.06
77,Port Elizabeth,ZA,2021-08-08 21:03:50,-33.918,25.5701,55.09,82,99,8.43
78,Hami,CN,2021-08-08 21:07:08,42.8,93.45,82.87,15,100,5.91
79,Camacha,PT,2021-08-08 20:59:21,33.0833,-16.3333,67.53,68,40,9.22
80,Dikson,RU,2021-08-08 21:04:18,73.5069,80.5464,43.75,90,0,6.98
81,Nouadhibou,MR,2021-08-08 21:04:30,20.931,-17.0347,69.73,87,4,23.31
82,Tecpan,GT,2021-08-08 21:06:55,14.7623,-90.9947,63.45,88,100,4.32
83,Camana,PE,2021-08-08 21:07:09,-16.6228,-72.7111,60.94,84,89,11.27
84,Irkutsk,RU,2021-08-08 21:07:09,52.2978,104.2964,50.77,100,90,4.47
85,Mount Isa,AU,2021-08-08 21:01:01,-20.7333,139.5,46.17,49,0,0.0
86,Vilhena,BR,2021-08-08 21:04:52,-12.7406,-60.1458,87.93,27,8,3.18
87,Sao Filipe,CV,2021-08-08 21:03:32,14.8961,-24.4956,79.02,84,34,6.31
88,Wajir,KE,2021-08-08 21:07:10,1.7471,40.0573,77.61,52,47,19.8
89,Hasaki,JP,2021-08-08 21:02:01,35.7333,140.8333,79.2,85,50,17.25
90,Port Alfred,ZA,2021-08-08 21:03:23,-33.5906,26.891,60.8,84,79,14.79
91,Pekan,MY,2021-08-08 21:07:10,3.4836,103.3996,76.39,92,22,4.85
92,Salisbury,GB,2021-08-08 21:07:11,51.0693,-1.7957,61.47,85,70,8.3
93,Kuching,MY,2021-08-08 21:07:11,1.55,110.3333,73.62,100,20,1.14
94,Alofi,NU,2021-08-08 21:05:12,-19.0595,-169.9187,75.27,85,100,15.59
95,Luziania,BR,2021-08-08 21:07:11,-16.2525,-47.9503,76.69,36,0,5.75
96,Castro,BR,2021-08-08 21:01:16,-24.7911,-50.0119,62.17,62,99,3.83
97,Polunochnoye,RU,2021-08-08 21:07:12,60.8697,60.4153,54.28,86,94,4.47
98,Bambous Virieux,MU,2021-08-08 21:03:52,-20.3428,57.7575,68.22,85,99,21.07
99,Volkach,DE,2021-08-08 21:07:12,49.8667,10.2333,58.39,86,3,1.01
100,Sisimiut,GL,2021-08-08 21:04:54,66.9395,-53.6735,43.25,81,98,3.91
101,Saldanha,ZA,2021-08-08 21:04:38,-33.0117,17.9442,56.44,89,100,15.7
102,Catia La Mar,VE,2021-08-08 21:07:13,10.6038,-67.0303,86.2,66,40,3.44
103,Kavieng,PG,2021-08-08 21:04:13,-2.5744,150.7967,81.37,76,99,10.42
104,Ardatov,RU,2021-08-08 21:07:13,55.2421,43.097,68.22,68,100,8.32
105,Butaritari,KI,2021-08-08 21:03:28,3.0707,172.7902,83.41,63,58,11.34
106,Tiksi,RU,2021-08-08 21:03:40,71.6872,128.8694,48.6,77,55,4.38
107,Marondera,ZW,2021-08-08 21:07:13,-18.1853,31.5519,48.31,54,0,1.32
108,Santa Marta,CO,2021-08-08 21:03:17,11.2408,-74.199,88.99,65,100,3.0
109,Ilulissat,GL,2021-08-08 21:04:16,69.2167,-51.1,44.62,81,75,6.91
110,Upernavik,GL,2021-08-08 21:03:55,72.7868,-56.1549,41.63,86,100,5.5
111,Lorengau,PG,2021-08-08 21:01:15,-2.0226,147.2712,80.85,78,88,7.52
112,Saskylakh,RU,2021-08-08 21:04:43,71.9167,114.0833,59.34,69,100,3.38
113,Muros,ES,2021-08-08 21:05:30,42.7762,-9.0603,64.24,75,99,8.23
114,Mahebourg,MU,2021-08-08 21:03:31,-20.4081,57.7,68.25,85,100,21.12
115,Banyo,CM,2021-08-08 21:07:14,6.75,11.8167,64.62,96,100,2.37
116,Capaci,IT,2021-08-08 21:07:14,38.1711,13.2393,86.25,61,0,1.01
117,Sao Joao Da Barra,BR,2021-08-08 21:05:06,-21.6403,-41.0511,69.89,79,39,14.27
118,Portland,US,2021-08-08 21:05:39,45.5234,-122.6762,77.9,46,90,1.99
119,Aguas Vermelhas,BR,2021-08-08 21:07:15,-15.7472,-41.46,62.62,85,100,4.88
120,Mandurah,AU,2021-08-08 21:07:15,-32.55,115.7,57.9,68,98,28.34
121,Kaitangata,NZ,2021-08-08 21:03:58,-46.2817,169.8464,37.42,83,91,8.57
122,Hobart,AU,2021-08-08 20:58:38,-42.8794,147.3294,45.1,89,20,11.5
123,Mar Del Plata,AR,2021-08-08 21:01:55,-38.0023,-57.5575,44.26,81,100,8.19
124,Itoman,JP,2021-08-08 21:07:16,26.1247,127.6694,80.98,94,75,12.66
125,Scarborough,GB,2021-08-08 20:59:29,54.2797,-0.4044,58.93,84,53,3.0
126,Bonthe,SL,2021-08-08 21:05:21,7.5264,-12.505,77.94,76,100,9.17
127,Shirokiy,RU,2021-08-08 21:03:31,49.758,129.523,54.28,83,100,4.54
128,Mutsu,JP,2021-08-08 21:07:16,41.2894,141.2169,71.91,91,100,16.17
129,Gamba,GA,2021-08-08 21:05:26,-2.65,10.0,71.78,85,59,5.55
130,Mendi,PG,2021-08-08 21:07:17,-6.1761,143.6513,54.27,98,92,2.59
131,Sao Miguel Do Araguaia,BR,2021-08-08 21:05:23,-13.275,-50.1628,84.22,26,2,4.88
132,Reyes,BO,2021-08-08 21:07:17,-14.3167,-67.3833,92.97,29,2,4.21
133,Katsuura,JP,2021-08-08 21:04:34,35.1333,140.3,82.51,88,86,23.53
134,Lodwar,KE,2021-08-08 21:03:17,3.1191,35.5973,86.49,34,91,10.4
135,Nokha,IN,2021-08-08 21:07:18,27.6,73.4167,92.3,44,75,13.0
136,Christchurch,NZ,2021-08-08 21:00:12,-43.5333,172.6333,37.6,82,75,1.01
137,Makaha,US,2021-08-08 21:07:18,21.4694,-158.2175,87.71,57,90,10.36
138,Rurrenabaque,BO,2021-08-08 21:06:59,-14.4413,-67.5278,91.42,32,4,3.98
139,Warrnambool,AU,2021-08-08 21:07:19,-38.3833,142.4833,45.81,72,93,10.33
140,Teya,RU,2021-08-08 21:07:19,60.3778,92.6267,54.82,86,89,3.11
141,Pevek,RU,2021-08-08 21:03:33,69.7008,170.3133,37.53,81,16,11.45
142,Khatanga,RU,2021-08-08 21:04:15,71.9667,102.5,52.97,70,100,11.77
143,Jiangkou,CN,2021-08-08 21:07:19,25.4872,119.1986,79.05,96,19,5.44
144,Sitka,US,2021-08-08 21:05:14,57.0531,-135.33,62.49,72,75,11.5
145,Port Hardy,CA,2021-08-08 21:05:26,50.6996,-127.4199,61.7,77,53,13.04
146,Avarua,CK,2021-08-08 21:03:38,-21.2078,-159.775,77.05,69,90,5.75
147,Codrington,AU,2021-08-08 21:04:10,-38.2667,141.9667,44.78,76,100,10.4
148,Kavaratti,IN,2021-08-08 21:05:01,10.5669,72.642,79.61,83,100,19.19
149,Yelizovo,RU,2021-08-08 21:07:20,53.1873,158.3805,51.94,93,75,6.71
150,Iwanai,JP,2021-08-08 21:07:20,42.9744,140.5089,73.04,97,100,3.13
151,Doha,QA,2021-08-08 21:04:43,25.2867,51.5333,94.98,79,1,8.05
152,Santa Isabel Do Rio Negro,BR,2021-08-08 21:07:21,-0.4139,-65.0192,80.35,75,83,0.83
153,Isangel,VU,2021-08-08 21:04:59,-19.55,169.2667,70.36,70,100,14.16
154,Port Augusta,AU,2021-08-08 21:07:21,-32.5,137.7667,43.7,69,0,5.5
155,Mocuba,MZ,2021-08-08 21:07:22,-16.8392,36.9856,61.81,89,0,1.45
156,Chapais,CA,2021-08-08 21:03:24,49.7834,-74.8492,74.34,28,92,7.78
157,Broome,US,2021-08-08 21:07:22,42.2506,-75.833,88.02,59,20,1.01
158,Torbay,CA,2021-08-08 21:03:19,47.6666,-52.7314,58.87,91,99,5.01
159,Makanya,TZ,2021-08-08 21:07:22,-4.3667,37.8333,66.0,76,27,4.0
160,Alyangula,AU,2021-08-08 21:05:00,-13.8483,136.4192,69.35,85,7,9.26
161,Narsaq,GL,2021-08-08 21:01:24,60.9167,-46.05,52.02,63,9,10.36
162,Eucaliptus,BO,2021-08-08 21:07:23,-17.5833,-67.5167,59.14,19,21,10.33
163,Sisophon,KH,2021-08-08 21:07:23,13.5859,102.9737,77.94,87,89,5.88
164,Beringovskiy,RU,2021-08-08 21:05:30,63.05,179.3167,43.61,87,100,19.77
165,Lang Suan,TH,2021-08-08 21:07:24,9.9456,99.0785,77.52,90,79,3.67
166,Bethel,US,2021-08-08 21:04:12,41.3712,-73.414,82.74,73,1,5.75
167,Lebu,CL,2021-08-08 21:03:54,-37.6167,-73.65,48.61,70,8,7.74
168,Chara,RU,2021-08-08 21:07:24,56.9064,118.2631,59.41,82,100,1.07
169,Khandyga,RU,2021-08-08 21:07:24,62.6667,135.6,61.84,57,11,0.74
170,Fukue,JP,2021-08-08 21:07:25,32.6881,128.8419,80.91,78,62,21.59
171,Boras,SE,2021-08-08 21:07:25,57.721,12.9401,60.35,98,18,4.52
172,Bubaque,GW,2021-08-08 21:04:47,11.2833,-15.8333,80.33,76,100,12.08
173,Eureka,US,2021-08-08 21:07:25,40.8021,-124.1637,83.68,71,57,5.99
174,Kargil,IN,2021-08-08 21:07:26,34.5667,76.1,56.25,54,46,7.76
175,Varberg,SE,2021-08-08 21:07:26,57.1056,12.2508,65.05,88,78,15.77
176,Imperia,IT,2021-08-08 21:07:26,43.9667,7.7833,75.2,69,5,5.86
177,Bull Savanna,JM,2021-08-08 21:06:56,17.8868,-77.5902,84.06,62,15,5.01
178,Andilamena,MG,2021-08-08 21:07:27,-17.0167,48.5833,54.19,98,27,3.2
179,Bayir,TR,2021-08-08 21:07:27,37.2687,28.2167,79.32,40,0,5.55
180,Iqaluit,CA,2021-08-08 21:00:14,63.7506,-68.5145,41.95,93,100,8.48
181,Havelock,US,2021-08-08 21:04:08,34.8791,-76.9013,89.98,77,3,3.0
182,Mayo,US,2021-08-08 21:07:27,38.8876,-76.5119,94.08,65,1,4.0
183,Ribeira Grande,PT,2021-08-08 21:03:34,38.5167,-28.7,73.04,86,93,17.63
184,Springdale,US,2021-08-08 21:05:45,36.1867,-94.1288,91.18,60,40,17.27
185,Grand Gaube,MU,2021-08-08 21:07:28,-20.0064,57.6608,68.38,90,83,4.0
186,Pierre,US,2021-08-08 21:07:28,44.3683,-100.351,97.72,29,1,1.99
187,Matara,LK,2021-08-08 21:07:28,5.9485,80.5353,76.93,89,90,10.29
188,Mezhdurechensk,RU,2021-08-08 21:07:29,53.6942,88.0603,56.52,92,25,2.8
189,Solnechnyy,RU,2021-08-08 21:04:46,50.7214,136.6319,49.14,99,100,3.89
190,Clyde River,CA,2021-08-08 21:04:24,70.4692,-68.5914,47.91,54,100,10.45
191,College,US,2021-08-08 21:03:31,64.8569,-147.8028,63.0,82,100,4.18
192,Trinidad,BO,2021-08-08 21:07:29,-14.8333,-64.9,91.38,43,20,8.05
193,Henties Bay,NA,2021-08-08 21:05:19,-22.116,14.2845,53.85,92,26,5.53
194,Nome,US,2021-08-08 21:04:34,64.5011,-165.4064,57.27,72,90,19.57
195,Quatre Cocos,MU,2021-08-08 21:06:47,-20.2078,57.7625,68.09,86,95,20.09
196,Den Helder,NL,2021-08-08 21:07:30,52.9599,4.7593,64.08,90,75,20.71
197,Rocha,UY,2021-08-08 21:05:42,-34.4833,-54.3333,53.76,94,100,15.43
198,Kodiak,US,2021-08-08 21:03:55,57.79,-152.4072,58.51,77,75,6.91
199,Deputatskiy,RU,2021-08-08 21:03:29,69.3,139.9,59.16,59,55,2.98
200,Sinnamary,GF,2021-08-08 21:04:08,5.3833,-52.95,82.15,78,95,12.93
201,Valparaiso,CL,2021-08-08 21:04:11,-33.0393,-71.6273,53.98,72,52,4.99
202,Mackay,AU,2021-08-08 21:07:09,-21.15,149.2,64.04,74,5,11.05
203,Pangkalanbuun,ID,2021-08-08 21:07:30,-2.6833,111.6167,74.1,99,91,1.72
204,Santa Fe,AR,2021-08-08 21:07:31,-31.6333,-60.7,66.74,78,69,13.0
205,Mihai Bravu,RO,2021-08-08 21:07:31,44.1406,26.0628,79.9,41,1,6.26
206,Kuytun,RU,2021-08-08 21:07:31,54.3419,101.5036,51.42,57,54,2.33
207,Litovko,RU,2021-08-08 21:07:32,49.2361,135.1742,51.28,97,100,12.59
208,Santa Rosa,PH,2021-08-08 21:05:21,14.3122,121.1114,80.11,88,97,4.83
209,Amahai,ID,2021-08-08 21:07:32,-3.3333,128.9167,75.92,87,100,1.88
210,Westport,US,2021-08-08 21:02:18,41.1415,-73.3579,82.29,81,90,5.75
211,Sola,VU,2021-08-08 21:04:44,-13.8833,167.55,75.67,88,100,23.53
212,Belmonte,BR,2021-08-08 21:07:32,-15.8631,-38.8828,73.9,76,47,10.83
213,Tautira,PF,2021-08-08 21:06:20,-17.7333,-149.15,84.22,76,33,9.33
214,Barrow,US,2021-08-08 21:07:33,71.2906,-156.7887,39.22,90,90,9.22
215,Nova Ushytsya,UA,2021-08-08 21:07:33,48.8372,27.2743,66.67,65,0,3.2
216,Caucaia,BR,2021-08-08 21:07:33,-3.7361,-38.6531,80.55,73,75,13.8
217,Nikolskoye,RU,2021-08-08 21:04:13,59.7035,30.7861,64.29,95,99,4.41
218,Nha Trang,VN,2021-08-08 21:03:53,12.25,109.1833,82.4,85,69,5.03
219,Kabirwala,PK,2021-08-08 21:07:34,30.4068,71.8667,93.06,28,59,9.35
220,Airai,TL,2021-08-08 21:05:11,-8.9266,125.4092,53.89,88,28,1.66
221,Calceta,EC,2021-08-08 21:07:34,-0.85,-80.1667,85.24,57,63,9.91
222,Oistins,BB,2021-08-08 21:05:31,13.0667,-59.5333,84.29,70,20,21.85
223,Tigil,RU,2021-08-08 21:04:32,57.8,158.6667,52.79,71,29,6.58
224,Touros,BR,2021-08-08 21:04:27,-5.1989,-35.4608,77.9,76,46,17.18
225,Samarai,PG,2021-08-08 21:04:18,-10.6167,150.6667,77.5,78,98,13.71
226,Windhoek,NA,2021-08-08 21:07:35,-22.5594,17.0832,55.76,28,19,5.1
227,South Sioux City,US,2021-08-08 21:07:35,42.4739,-96.4136,88.95,69,1,8.05
228,Fortuna,US,2021-08-08 21:02:24,40.5982,-124.1573,92.48,88,90,11.5
229,Cayenne,GF,2021-08-08 21:00:05,4.9333,-52.3333,86.04,81,0,7.0
230,Carutapera,BR,2021-08-08 21:04:29,-1.195,-46.02,76.66,90,7,5.28
231,Bom Jesus,BR,2021-08-08 21:07:36,-9.0744,-44.3586,83.43,32,1,7.67
232,Yumen,CN,2021-08-08 21:04:10,40.2833,97.2,69.84,22,0,8.5
233,Kultuk,RU,2021-08-08 21:07:36,51.7208,103.6956,53.62,82,9,5.99
234,Azul,AR,2021-08-08 21:07:36,-36.777,-59.8585,39.85,93,100,11.1
235,Gao,ML,2021-08-08 21:07:37,16.6362,1.637,93.54,36,69,6.6
236,Pangody,RU,2021-08-08 21:07:37,65.85,74.4859,55.87,90,4,12.5
237,Warwick,US,2021-08-08 21:07:37,41.7001,-71.4162,84.15,73,75,3.44
238,Inhambane,MZ,2021-08-08 21:07:38,-23.865,35.3833,65.32,65,0,7.61
239,Asyut,EG,2021-08-08 21:04:07,27.181,31.1837,91.0,18,0,8.93
240,Lima,PE,2021-08-08 21:07:38,-12.0432,-77.0282,61.05,72,90,11.5
241,Lavrentiya,RU,2021-08-08 21:03:30,65.5833,-171.0,46.62,73,61,13.69
242,Chazuta,PE,2021-08-08 21:07:39,-6.5742,-76.1367,94.05,36,31,3.18
243,Grand-Santi,GF,2021-08-08 21:07:39,4.25,-54.3833,81.63,74,100,2.1
244,Muhos,FI,2021-08-08 21:07:39,64.808,25.9931,62.38,93,100,10.54
245,Esperance,AU,2021-08-08 21:03:19,-33.8667,121.9,61.47,76,1,20.38
246,Kruisfontein,ZA,2021-08-08 21:03:56,-34.0033,24.7314,52.88,88,100,6.29
247,Hervey Bay,AU,2021-08-08 21:05:17,-25.2986,152.8535,60.04,80,82,9.51
248,Tashigang,BT,2021-08-08 21:07:40,27.3331,91.5542,72.91,97,100,1.28
249,Irbeyskoye,RU,2021-08-08 21:07:40,55.6428,95.4522,55.98,89,58,2.01
250,Katobu,ID,2021-08-08 21:07:40,-4.9408,122.5276,72.19,94,65,3.56
251,Marsa Matruh,EG,2021-08-08 21:07:41,31.3525,27.2453,78.87,65,0,10.87
252,Goundam,ML,2021-08-08 21:07:41,16.4145,-3.6708,89.33,44,78,6.64
253,Oktyabrskiy,RU,2021-08-08 21:05:37,54.4815,53.471,57.42,56,46,2.42
254,Portree,GB,2021-08-08 21:07:41,57.4129,-6.1942,58.86,91,15,6.04
255,Saint-Philippe,RE,2021-08-08 21:03:31,-21.3585,55.7679,67.59,84,23,7.29
256,Qaqortoq,GL,2021-08-08 21:03:58,60.7167,-46.0333,52.3,77,8,17.11
257,Wajima,JP,2021-08-08 21:07:42,37.4,136.9,82.72,84,100,16.26
258,Inuvik,CA,2021-08-08 21:07:42,68.3499,-133.7218,57.16,45,26,6.02
259,Timbo,BR,2021-08-08 21:04:42,-26.8233,-49.2717,68.92,84,15,2.48
260,New Glasgow,CA,2021-08-08 21:07:42,45.5834,-62.6486,70.11,74,88,9.53
261,Imamoglu,TR,2021-08-08 21:07:43,37.2651,35.6572,79.83,69,1,2.93
262,Grindavik,IS,2021-08-08 21:06:21,63.8424,-22.4338,60.57,82,0,14.97
263,Kismayo,SO,2021-08-08 21:07:24,-0.3582,42.5454,75.76,84,42,19.98
264,Fort-Shevchenko,KZ,2021-08-08 21:07:43,44.5086,50.263,93.83,28,93,9.28
265,Hofn,IS,2021-08-08 21:03:48,64.2539,-15.2082,56.75,74,21,2.35
266,Galiakot,IN,2021-08-08 21:07:43,23.5167,74.0,79.02,84,100,8.66
267,Eregli,TR,2021-08-08 21:07:44,37.5133,34.0467,68.85,60,75,1.21
268,San Cristobal,VE,2021-08-08 21:05:19,7.7669,-72.225,77.18,91,96,2.84
269,La Ronge,CA,2021-08-08 21:05:28,55.1001,-105.2842,63.32,64,81,12.17
270,Houma,US,2021-08-08 21:07:44,29.5958,-90.7195,93.99,70,40,5.75
271,Bahar,IR,2021-08-08 21:07:44,34.9072,48.4414,72.72,35,24,3.65
272,Port Hedland,AU,2021-08-08 21:04:42,-20.3167,118.5667,55.45,76,6,4.61
273,Kapoeta,SS,2021-08-08 21:07:45,4.7717,33.5903,71.73,87,100,6.53
274,Vila Franca Do Campo,PT,2021-08-08 21:04:53,37.7167,-25.4333,72.01,87,49,10.4
275,Puerto Escondido,MX,2021-08-08 21:07:45,15.85,-97.0667,85.03,61,40,6.91
276,Shakawe,BW,2021-08-08 21:07:45,-18.3667,21.85,61.2,20,0,3.24
277,Coquimbo,CL,2021-08-08 21:07:46,-29.9533,-71.3436,56.93,71,20,10.36
278,Pisco,PE,2021-08-08 21:04:56,-13.7,-76.2167,64.45,72,75,19.57
279,Sulangan,PH,2021-08-08 21:07:46,11.1373,123.7228,81.9,77,99,6.62
280,Ewa Beach,US,2021-08-08 21:04:44,21.3156,-158.0072,87.75,49,75,9.22
281,Gizo,SB,2021-08-08 21:07:46,-8.103,156.8419,80.98,73,35,4.16
282,San Luis,AR,2021-08-08 21:05:58,-33.295,-66.3356,41.23,73,100,16.62
283,Lagoa,PT,2021-08-08 21:04:45,39.05,-27.9833,72.09,86,19,19.48
284,Taoudenni,ML,2021-08-08 21:06:10,22.6783,-3.9836,104.72,8,14,12.97
285,Gilgit,PK,2021-08-08 21:07:47,35.9221,74.3087,71.89,67,99,4.03
286,Gazanjyk,TM,2021-08-08 21:07:47,39.2446,55.5154,90.66,15,0,12.21
287,Dunedin,NZ,2021-08-08 21:00:46,-45.8742,170.5036,37.8,81,90,5.99
288,Peremyshlyany,UA,2021-08-08 21:07:47,49.6652,24.5585,70.12,77,92,2.57
289,Malacatepec,MX,2021-08-08 21:07:48,18.9333,-98.3,69.91,59,47,5.88
290,Anito,PH,2021-08-08 21:05:22,12.4497,125.2886,77.79,90,100,4.74
291,Cap Malheureux,MU,2021-08-08 21:04:30,-19.9842,57.6142,68.47,90,89,4.0
292,Harper,LR,2021-08-08 21:04:08,4.375,-7.7169,76.5,84,38,12.03
293,Kununurra,AU,2021-08-08 21:05:49,-15.7667,128.7333,51.78,82,0,1.14
294,Ponta Do Sol,PT,2021-08-08 21:03:47,32.6667,-17.1,71.01,77,29,3.78
295,Joshimath,IN,2021-08-08 21:05:10,30.5667,79.5667,70.68,89,100,1.14
296,Umm Lajj,SA,2021-08-08 21:07:48,25.0213,37.2685,91.47,42,0,8.25
297,Carayao,PY,2021-08-08 21:07:49,-25.1833,-56.4,84.36,29,25,6.04
298,Eskil,TR,2021-08-08 21:07:49,38.4017,33.4131,71.8,55,77,9.86
299,Catalina Foothills,US,2021-08-08 21:07:49,32.2979,-110.9187,100.71,37,1,5.01
300,Labrea,BR,2021-08-08 21:07:50,-7.2586,-64.7981,97.54,22,22,2.17
301,Provideniya,RU,2021-08-08 21:05:03,64.3833,-173.3,46.51,81,90,11.18
302,Sarangani,PH,2021-08-08 21:07:50,5.4033,125.4636,81.39,69,98,2.8
303,Hamilton,US,2021-08-08 21:05:55,39.1834,-84.5333,92.75,54,20,1.99
304,Corbelia,BR,2021-08-08 21:07:50,-24.7989,-53.3067,68.45,51,1,5.1
305,Ichinohe,JP,2021-08-08 21:07:51,40.2069,141.3017,70.36,99,100,5.46
306,Arbuzynka,UA,2021-08-08 21:07:51,47.9097,31.3196,66.38,66,0,9.13
307,Morant Bay,JM,2021-08-08 21:07:51,17.8815,-76.4093,86.67,67,8,11.56
308,Ruyigi,BI,2021-08-08 21:07:52,-3.45,30.3167,67.71,53,100,2.1
309,Channel-Port Aux Basques,CA,2021-08-08 21:07:52,47.5702,-59.1367,64.08,70,1,14.88
310,Rudbar,AF,2021-08-08 21:07:52,30.15,62.6,87.91,16,0,10.04
311,Ippy,CF,2021-08-08 21:07:52,6.2679,21.2247,66.7,92,75,3.56
312,Kamaishi,JP,2021-08-08 21:06:10,39.2667,141.8833,76.64,98,100,9.57
313,Karratha,AU,2021-08-08 21:07:53,-20.7377,116.8463,66.69,58,49,4.9
314,Illapel,CL,2021-08-08 21:07:53,-31.6308,-71.1653,54.16,68,97,4.88
315,Bowen,AU,2021-08-08 21:07:53,-20.0167,148.2333,61.21,88,6,10.0
316,Norman Wells,CA,2021-08-08 21:03:41,65.282,-126.8329,52.38,60,100,6.22
317,Ipixuna,BR,2021-08-08 21:05:38,-1.7625,-48.8043,87.75,64,60,4.63
318,Buraydah,SA,2021-08-08 21:07:54,26.326,43.975,93.43,13,97,9.22
319,Boende,CD,2021-08-08 21:07:54,-0.2167,20.8667,75.4,69,59,0.89
320,Severo-Kurilsk,RU,2021-08-08 21:03:55,50.6789,156.125,55.2,87,40,12.97
321,Marsh Harbour,BS,2021-08-08 21:07:54,26.5412,-77.0636,83.88,70,23,8.5
322,Bathsheba,BB,2021-08-08 21:04:37,13.2167,-59.5167,84.81,70,20,21.85
323,Chardara,KZ,2021-08-08 21:07:55,41.2547,67.9692,80.22,28,0,12.17
324,Flinders,AU,2021-08-08 21:05:13,-34.5833,150.8552,49.17,84,100,5.97
325,Margate,GB,2021-08-08 21:03:57,51.3813,1.3862,62.31,80,17,3.0
326,Tezu,IN,2021-08-08 21:05:36,27.9167,96.1667,77.11,99,100,1.21
327,Kharan,PK,2021-08-08 21:07:55,28.5833,65.4167,88.29,11,0,5.57
328,Ashland,US,2021-08-08 21:07:56,40.8167,-82.2665,87.03,55,16,7.63
329,Segou,ML,2021-08-08 21:07:56,13.4317,-6.2157,85.19,54,86,4.32
330,Necochea,AR,2021-08-08 21:07:33,-38.5473,-58.7368,48.4,61,100,7.61
331,Kassiopi,GR,2021-08-08 21:07:56,39.7886,19.9186,78.44,60,0,3.51
332,Mafinga,TZ,2021-08-08 21:07:57,-7.25,35.0667,68.14,47,10,3.58
333,Oksfjord,NO,2021-08-08 21:07:57,70.2396,22.3479,68.92,67,66,11.32
334,Outjo,NA,2021-08-08 21:07:57,-20.1167,16.15,60.15,23,29,3.18
335,Dinard,FR,2021-08-08 21:07:57,48.6314,-2.0614,62.01,82,0,8.05
336,Sakakah,SA,2021-08-08 21:05:13,29.9697,40.2064,92.82,14,0,3.33
337,Luderitz,NA,2021-08-08 21:03:51,-26.6481,15.1594,55.65,85,90,6.8
338,Aksarka,RU,2021-08-08 21:05:48,66.5606,67.7975,51.89,66,100,12.68
339,Mulanur,IN,2021-08-08 21:07:58,10.7667,77.7167,78.03,74,95,16.06
340,Mount Gambier,AU,2021-08-08 21:02:58,-37.8333,140.7667,44.8,78,100,7.92
341,Vestmanna,FO,2021-08-08 21:07:58,62.1564,-7.1664,49.12,100,90,9.22
342,Chiredzi,ZW,2021-08-08 21:07:59,-21.05,31.6667,62.64,54,0,2.46
343,Lindi,TZ,2021-08-08 21:07:59,-10.0,39.7167,67.64,89,8,4.21
344,Izhma,RU,2021-08-08 21:07:59,65.0083,53.9113,45.23,94,65,3.71
345,Tigre,AR,2021-08-08 21:08:00,-34.426,-58.5796,48.31,90,90,12.66
346,Arman,RU,2021-08-08 21:08:00,59.7,150.1667,59.61,61,6,7.65
347,Kidal,ML,2021-08-08 21:08:00,18.4411,1.4078,85.14,43,51,13.96
348,Vila Velha,BR,2021-08-08 21:01:49,-20.3297,-40.2925,69.39,78,8,7.81
349,Bhimunipatnam,IN,2021-08-08 21:07:09,17.8833,83.4333,83.71,80,97,7.47
350,Kloulklubed,PW,2021-08-08 21:08:01,7.0419,134.2556,81.99,77,100,13.18
351,Aitape,PG,2021-08-08 21:08:01,-3.1374,142.3475,76.53,87,89,5.88
352,San Antonio,US,2021-08-08 21:07:34,29.4241,-98.4936,97.36,53,40,13.8
353,Adrar,MR,2021-08-08 21:04:21,20.5022,-10.0711,91.29,15,10,11.25
354,Haines Junction,CA,2021-08-08 21:08:01,60.7522,-137.5108,59.4,59,100,10.38
355,Moindou,NC,2021-08-08 21:08:02,-21.6924,165.677,66.15,55,79,11.88
356,Igarka,RU,2021-08-08 21:08:02,67.4667,86.5833,53.26,73,0,4.12
357,Luba,GQ,2021-08-08 21:08:02,3.4568,8.5547,76.19,85,100,3.42
358,Mirnyy,RU,2021-08-08 21:08:03,62.5353,113.9611,54.05,89,86,1.92
359,Aguadilla,PR,2021-08-08 21:08:03,18.4275,-67.1541,87.58,76,40,5.99
360,Izhmorskiy,RU,2021-08-08 21:08:03,56.194,86.6414,57.33,92,2,3.24
361,Bintulu,MY,2021-08-08 21:08:03,3.1667,113.0333,77.77,89,100,3.4
362,Saint-Pierre,RE,2021-08-08 21:05:57,-21.3393,55.4781,67.68,70,0,4.61
363,Mareeba,AU,2021-08-08 21:04:07,-17.0,145.4333,65.12,92,27,2.39
364,Maceio,BR,2021-08-08 21:08:04,-9.6658,-35.7353,72.84,88,75,8.05
365,Chabahar,IR,2021-08-08 21:08:04,25.2919,60.643,81.88,84,12,11.07
366,Chokurdakh,RU,2021-08-08 21:04:09,70.6333,147.9167,60.15,54,44,13.02
367,Kahului,US,2021-08-08 21:05:31,20.8947,-156.47,86.02,56,20,19.57
368,Ukiah,US,2021-08-08 21:05:05,39.1502,-123.2078,100.53,28,1,6.91
369,Tucupita,VE,2021-08-08 21:08:05,9.0622,-62.051,80.94,88,100,3.91
370,Olinda,BR,2021-08-08 21:08:05,-8.0089,-34.8553,76.73,78,40,10.36
371,Chacabuco,AR,2021-08-08 21:07:47,-34.6417,-60.4739,41.81,91,100,18.72
372,Praia,CV,2021-08-08 21:03:42,14.9215,-23.5087,79.34,83,40,4.61
373,Elat,IL,2021-08-08 21:08:05,29.5581,34.9482,89.29,41,0,7.65
374,Half Moon Bay,US,2021-08-08 21:04:28,37.4636,-122.4286,94.8,68,1,1.01
375,Broken Hill,AU,2021-08-08 21:08:06,-31.95,141.4333,46.27,66,0,5.82
376,Agadez,NE,2021-08-08 20:59:47,19.75,10.25,94.87,24,80,11.79
377,Kushima,JP,2021-08-08 21:08:06,31.4583,131.2333,78.69,85,54,14.38
378,Itacoatiara,BR,2021-08-08 21:08:06,-3.1431,-58.4442,91.18,41,14,2.46
379,Constitucion,CL,2021-08-08 21:08:07,-35.3333,-72.4167,51.84,61,100,3.13
380,Saint-Honore,CA,2021-08-08 21:08:07,48.5334,-71.0824,75.58,43,97,2.44
381,Estelle,US,2021-08-08 21:03:49,29.8458,-90.1067,94.05,71,90,1.01
382,Tiarei,PF,2021-08-08 21:05:45,-17.5333,-149.3333,84.22,75,15,11.07
383,Canchungo,GW,2021-08-08 21:08:07,12.0672,-16.0333,76.26,91,100,5.1
384,The Pas,CA,2021-08-08 21:04:18,53.8251,-101.2541,72.72,55,79,8.55
385,Leo,BF,2021-08-08 21:08:08,11.1,-2.1,74.5,90,82,7.49
386,Kirakira,SB,2021-08-08 21:08:08,-10.4544,161.9205,79.21,83,53,6.13
387,Starkville,US,2021-08-08 21:06:39,33.4504,-88.8184,92.79,57,1,4.61
388,Kathmandu,NP,2021-08-08 21:05:08,27.7167,85.3167,71.82,100,75,2.3
389,Ancud,CL,2021-08-08 21:03:28,-41.8697,-73.8203,51.42,71,12,2.15
390,Ambon,ID,2021-08-08 21:05:55,-3.6954,128.1814,78.13,83,100,8.28
391,Hualmay,PE,2021-08-08 21:08:09,-11.0964,-77.6139,65.32,75,35,13.8
392,Oda,JP,2021-08-08 21:08:09,35.1833,132.5,79.18,91,100,17.6
393,Conde,BR,2021-08-08 21:05:26,-7.2597,-34.9075,76.46,83,75,8.05
394,San Jeronimo,PE,2021-08-08 21:08:09,-11.9472,-75.2829,65.5,23,2,7.2
395,Paamiut,GL,2021-08-08 20:59:52,61.994,-49.6678,43.09,90,100,8.16
396,Brumado,BR,2021-08-08 21:08:10,-14.2036,-41.6653,64.62,87,100,2.01
397,Nanga Eboko,CM,2021-08-08 21:08:10,4.6833,12.3667,68.0,98,92,4.68
398,Batagay-Alyta,RU,2021-08-08 21:08:10,67.8006,130.4114,65.34,40,19,1.5
399,Mmabatho,ZA,2021-08-08 21:08:11,-25.85,25.6333,56.12,26,0,8.3
400,Peruibe,BR,2021-08-08 21:08:11,-24.32,-46.9983,63.1,91,1,2.89
401,Yerbogachen,RU,2021-08-08 21:08:11,61.2767,108.0108,48.42,63,2,2.08
402,Qasigiannguit,GL,2021-08-08 21:08:11,68.8193,-51.1922,44.85,93,100,9.15
403,Souillac,MU,2021-08-08 21:04:29,-20.5167,57.5167,68.36,88,100,17.9
404,Gundlupet,IN,2021-08-08 21:08:12,11.8,76.6833,69.53,93,86,7.27
405,Kitimat,CA,2021-08-08 21:08:12,54.0524,-128.6534,68.92,68,86,1.99
406,Podolinec,SK,2021-08-08 21:08:12,49.2587,20.536,67.68,95,99,2.42
407,Omboue,GA,2021-08-08 21:08:13,-1.5746,9.2618,73.54,85,86,7.2
408,Hovd,MN,2021-08-08 21:08:13,48.0056,91.6419,60.46,56,63,2.42
409,Nuuk,GL,2021-08-08 21:05:29,64.1835,-51.7216,45.21,87,75,8.05
410,Vestmannaeyjar,IS,2021-08-08 21:05:22,63.4427,-20.2734,56.5,81,76,8.1
411,Tessalit,ML,2021-08-08 21:05:29,20.1986,1.0114,89.85,30,98,13.67
412,Pacific Grove,US,2021-08-08 21:05:15,36.6177,-121.9166,91.02,74,20,4.0
413,Menongue,AO,2021-08-08 21:08:14,-14.6585,17.691,57.99,22,36,5.21
414,San Jose,US,2021-08-08 21:05:56,37.3394,-121.895,94.87,41,75,10.36
415,Lotofaga,WS,2021-08-08 21:08:14,-13.9764,-171.8578,81.46,78,83,18.5
416,Shenjiamen,CN,2021-08-08 21:08:14,29.9576,122.298,77.49,81,38,2.01
417,Lincoln,US,2021-08-08 21:07:54,40.8,-96.667,92.01,55,1,9.22
418,Lasa,IT,2021-08-08 21:08:15,46.6166,10.7002,62.51,93,28,2.19
419,Ndungu,TZ,2021-08-08 21:08:15,-4.3667,38.05,66.43,81,15,1.21
420,Aswan,EG,2021-08-08 21:05:21,24.0934,32.907,96.19,13,0,8.28
421,Baiyin,CN,2021-08-08 21:08:16,36.5583,104.2081,62.37,58,11,0.83
422,Banjar,ID,2021-08-08 21:04:11,-8.19,114.9675,78.66,85,91,2.26
423,Galle,LK,2021-08-08 21:08:16,6.0367,80.217,77.76,87,93,11.81
424,Caravelas,BR,2021-08-08 21:05:55,-17.7125,-39.2481,68.67,81,1,6.24
425,Bonao,DO,2021-08-08 21:08:16,18.9369,-70.4092,76.98,57,23,6.29
426,Tuma,RU,2021-08-08 21:08:17,55.148,40.5537,70.03,56,100,1.72
427,Hambantota,LK,2021-08-08 21:04:59,6.1241,81.1185,78.53,83,90,17.56
428,Okha,RU,2021-08-08 21:08:17,53.5739,142.9478,53.73,74,16,3.02
429,Nadym,RU,2021-08-08 21:08:17,65.5333,72.5167,54.66,87,6,17.56
430,Tahta,EG,2021-08-08 21:04:16,26.7693,31.5021,92.64,18,0,7.43
431,Bandarbeyla,SO,2021-08-08 21:03:46,9.4942,50.8122,76.05,85,74,30.22
432,Hammerfest,NO,2021-08-08 21:08:18,70.6634,23.6821,68.45,45,0,9.22
433,Evanston,US,2021-08-08 21:08:18,42.0411,-87.6901,91.78,53,40,3.0
434,Allapalli,IN,2021-08-08 21:08:18,19.4167,80.0667,78.51,85,65,2.01
435,Potenza,IT,2021-08-08 21:08:19,40.6443,15.8086,80.64,42,99,6.96
436,Sur,OM,2021-08-08 21:08:19,22.5667,59.5289,88.0,59,5,14.45
437,Victor Harbor,AU,2021-08-08 21:08:19,-35.5667,138.6167,53.91,72,69,8.41
438,Smithers,CA,2021-08-08 21:05:07,54.7804,-127.1743,77.36,39,19,4.21
439,Melfi,IT,2021-08-08 21:08:20,40.9965,15.6514,83.23,40,100,7.94
440,San Patricio,US,2021-08-08 21:04:39,28.017,-97.5169,95.41,51,27,19.13
441,Ponta Delgada,PT,2021-08-08 21:05:31,37.7333,-25.6667,72.32,88,40,11.5
442,Valday,RU,2021-08-08 21:08:20,57.9747,33.2525,58.24,92,100,3.78
443,Todos Santos,MX,2021-08-08 21:06:55,23.45,-110.2167,96.01,74,35,9.22
444,Zabol,AF,2021-08-08 21:08:21,32.25,67.25,71.44,16,40,2.93
445,Port-Gentil,GA,2021-08-08 21:03:52,-0.7193,8.7815,75.27,82,36,11.74
446,Mehamn,NO,2021-08-08 21:08:21,71.0357,27.8492,62.55,59,0,9.22
447,Najran,SA,2021-08-08 21:07:15,17.4924,44.1277,85.71,20,53,2.15
448,Davila,PH,2021-08-08 21:05:32,18.4726,120.5763,81.25,82,100,14.83
449,Langsa,ID,2021-08-08 21:08:22,4.4683,97.9683,74.89,95,100,1.68
450,Casper,US,2021-08-08 21:03:29,42.8666,-106.3131,90.5,18,1,11.01
451,Coihaique,CL,2021-08-08 21:04:01,-45.5752,-72.0662,39.15,88,29,4.27
452,Tura,IN,2021-08-08 21:08:22,25.5198,90.2201,75.07,98,96,5.82
453,Labuhan,ID,2021-08-08 21:05:04,-6.8844,112.2051,77.29,89,51,8.9
454,Xiaoshi,CN,2021-08-08 21:08:22,41.2971,124.1209,66.22,80,7,2.95
455,Kikwit,CD,2021-08-08 21:08:23,-5.041,18.8162,79.56,36,6,0.6
456,Vung Tau,VN,2021-08-08 21:05:53,10.346,107.0843,81.07,84,26,12.19
457,Bagan,RU,2021-08-08 21:08:23,54.1001,77.6646,60.67,84,92,5.5
458,Prado,BR,2021-08-08 21:05:35,-17.3411,-39.2208,70.2,77,14,8.48
459,Antalaha,MG,2021-08-08 21:08:23,-14.9003,50.2788,67.41,85,30,6.44
460,Akranes,IS,2021-08-08 21:08:23,64.3218,-22.0749,62.82,76,100,5.95
461,Champerico,GT,2021-08-08 21:05:34,14.3,-91.9167,87.28,77,90,6.51
462,Jalu,LY,2021-08-08 21:08:24,29.0331,21.5482,89.67,21,0,8.32
463,Delta Del Tigre,UY,2021-08-08 21:08:24,-34.7633,-56.3853,50.41,81,90,29.93
464,Conselheiro Pena,BR,2021-08-08 21:08:24,-19.1722,-41.4722,69.93,68,59,5.39
465,Vilcun,CL,2021-08-08 21:06:12,-38.65,-72.2333,50.74,74,74,1.1
466,Tungor,RU,2021-08-08 21:08:25,53.3808,142.9564,53.42,76,44,2.46
467,Mnogovershinnyy,RU,2021-08-08 21:08:25,53.9353,139.9242,50.81,77,36,2.21
468,Aksha,RU,2021-08-08 21:08:25,50.2814,113.2867,54.57,87,100,2.17
469,Shipunovo,RU,2021-08-08 21:08:26,52.1582,82.2173,61.34,88,96,1.01
470,Korla,CN,2021-08-08 21:08:26,41.7597,86.1469,77.68,37,99,9.55
471,Moron,AR,2021-08-08 21:04:42,-34.6534,-58.6198,48.06,91,75,11.01
472,Pangnirtung,CA,2021-08-08 21:03:42,66.1451,-65.7125,47.16,60,100,5.82
473,Wairoa,NZ,2021-08-08 21:06:47,-39.0333,177.3667,41.61,87,100,23.73
474,Port Lincoln,AU,2021-08-08 21:08:27,-34.7333,135.8667,54.36,55,34,14.76
475,Ushumun,RU,2021-08-08 21:08:27,52.7833,126.5333,46.69,93,94,8.3
476,Buala,SB,2021-08-08 21:04:54,-8.145,159.5921,79.68,78,44,2.93
477,Naples,IT,2021-08-08 21:08:27,40.8333,14.25,81.75,79,0,1.01
478,Gorontalo,ID,2021-08-08 21:07:52,0.5412,123.0595,74.17,93,99,2.53
479,Benoy,TD,2021-08-08 21:08:28,8.9833,16.3199,72.16,90,99,1.16
480,Ginir,ET,2021-08-08 21:08:28,7.1333,40.7,62.26,74,84,5.37
481,Muravlenko,RU,2021-08-08 21:08:28,63.7898,74.523,61.41,73,36,10.83
482,Phonhong,LA,2021-08-08 21:08:29,18.5007,102.4166,76.82,91,100,0.63
483,Nara,JP,2021-08-08 21:08:29,34.6851,135.8049,79.88,89,100,6.04
484,Shangrao,CN,2021-08-08 21:08:24,28.4532,117.9686,77.14,81,95,3.87
485,Tecoanapa,MX,2021-08-08 21:06:36,16.5167,-98.75,86.29,66,22,11.74
486,Paez,CO,2021-08-08 21:08:29,5.1011,-73.0512,69.33,93,98,2.57
487,Steinbach,DE,2021-08-08 21:08:30,50.1667,8.5667,59.99,81,0,6.91
488,Lata,PT,2021-08-08 21:04:52,40.1629,-8.3327,61.81,89,0,2.28
489,Kupang,ID,2021-08-08 21:03:44,-10.1667,123.5833,72.95,79,7,6.85
490,Sayansk,RU,2021-08-08 21:04:35,54.1088,102.1648,50.58,58,50,1.66
491,Biograd Na Moru,HR,2021-08-08 21:08:30,43.9433,15.4519,87.76,54,55,4.21
492,Alugan,PH,2021-08-08 21:04:26,12.2188,125.4808,77.99,86,100,3.94
493,Vardo,NO,2021-08-08 21:05:18,70.3705,31.1107,60.55,80,6,7.2
494,Atagay,RU,2021-08-08 21:08:31,55.1033,99.3875,53.02,89,57,3.4
495,Rio Verde De Mato Grosso,BR,2021-08-08 21:08:31,-18.9181,-54.8442,86.54,21,10,4.59
496,Silver City,US,2021-08-08 21:08:31,32.7701,-108.2803,91.92,17,40,3.44
497,Nanakuli,US,2021-08-08 21:08:32,21.3906,-158.1547,87.75,49,75,9.22
498,Morros,BR,2021-08-08 21:08:32,-9.4467,-46.3003,81.23,31,3,5.53
499,Salalah,OM,2021-08-08 21:04:51,17.0151,54.0924,77.09,100,90,3.44
500,Belyy Yar,RU,2021-08-08 21:03:37,53.6039,91.3903,55.29,100,40,2.24
501,Masindi,UG,2021-08-08 21:08:32,1.6744,31.715,63.72,94,95,0.96
502,Cidreira,BR,2021-08-08 21:04:44,-30.1811,-50.2056,60.87,89,1,7.81
503,Barkot,IN,2021-08-08 21:08:33,30.8167,78.2,69.89,93,66,2.26
504,Havre-Saint-Pierre,CA,2021-08-08 21:08:33,50.2334,-63.5986,60.84,60,2,14.67
505,Manyana,BW,2021-08-08 21:04:22,-23.4,21.7167,60.69,21,0,8.08
506,Tombouctou,ML,2021-08-08 21:08:33,20.0,-3.0,101.32,15,14,17.6
507,Garowe,SO,2021-08-08 21:08:34,8.4054,48.4845,75.06,70,36,25.19
508,Green River,US,2021-08-08 21:08:34,41.5286,-109.4662,87.15,13,0,5.01
509,Cizre,TR,2021-08-08 21:08:34,37.3272,42.1903,89.31,28,22,3.98
510,Urucui,BR,2021-08-08 21:08:35,-7.2294,-44.5561,86.18,28,2,5.88
511,New Iberia,US,2021-08-08 21:08:35,30.0035,-91.8187,93.38,57,40,13.8
512,Manokwari,ID,2021-08-08 21:08:36,-0.8667,134.0833,77.85,76,80,4.68
513,Palmer,US,2021-08-08 21:04:04,42.1584,-72.3287,85.5,53,75,4.61
514,Berlevag,NO,2021-08-08 21:04:29,70.8578,29.0864,62.6,72,0,6.91
515,Poronaysk,RU,2021-08-08 21:08:36,49.2167,143.1167,51.66,91,100,8.41
516,Bermejo,AR,2021-08-08 21:08:36,-32.8833,-68.8,50.99,54,67,16.73
517,Usinsk,RU,2021-08-08 21:08:37,65.9939,57.5281,45.63,94,40,7.38
518,Santa Cruz,BO,2021-08-08 21:08:37,-17.8,-63.1667,87.26,39,20,26.46
519,Srednekolymsk,RU,2021-08-08 21:04:51,67.45,153.6833,61.88,48,18,3.15
520,Tateyama,JP,2021-08-08 21:08:37,34.9833,139.8667,82.42,85,81,23.58
521,Praia Da Vitoria,PT,2021-08-08 21:05:32,38.7333,-27.0667,75.45,83,75,19.01
522,Sinop,TR,2021-08-08 21:08:38,41.7711,34.8709,63.99,92,76,4.23
523,Jumla,NP,2021-08-08 21:08:38,29.2747,82.1838,62.85,98,100,0.67
524,Hearst,CA,2021-08-08 21:05:17,49.6835,-83.6665,70.65,77,86,10.63
525,Flin Flon,CA,2021-08-08 21:00:13,54.7682,-101.865,60.64,82,75,11.5
526,Roma,US,2021-08-08 21:06:17,43.2128,-75.4557,88.39,71,1,3.44
527,Uporovo,RU,2021-08-08 21:08:39,56.3109,66.2693,57.88,97,13,6.53
528,Omsukchan,RU,2021-08-08 21:04:55,62.5333,155.8,52.68,66,6,6.96
529,Rawson,AR,2021-08-08 21:08:39,-43.3002,-65.1023,48.76,45,0,7.61
530,Namibe,AO,2021-08-08 21:04:14,-15.1961,12.1522,63.91,81,43,6.55
531,Yola,NG,2021-08-08 21:08:40,9.2,12.4833,76.44,84,100,2.46
532,Galveston,US,2021-08-08 21:06:57,29.3669,-94.9669,95.22,74,20,4.0
533,North Platte,US,2021-08-08 21:06:06,41.1239,-100.7654,96.69,21,1,8.05
534,Montilla,ES,2021-08-08 21:08:40,37.5863,-4.6381,81.81,24,0,6.55
535,Nidzica,PL,2021-08-08 21:08:40,53.3605,20.4275,58.59,85,72,6.38
536,Sosua,DO,2021-08-08 21:04:23,19.7667,-70.5167,90.52,70,40,17.27
537,Puerto Montt,CL,2021-08-08 21:08:21,-41.4698,-72.9447,49.03,76,40,16.11
538,Zacualpan,MX,2021-08-08 21:08:41,21.25,-105.1667,89.71,65,40,7.65
539,Birao,CF,2021-08-08 21:08:41,10.2849,22.7882,69.98,96,100,2.95
